67,K K,Kevein Kurtis,123 abc ave,"",nashville,37212,tn,k@k.com,214,2018/2019 Registration,1,100
68,Millie Sims,Kevein Kurtis,123 abc ave,"",nashville,37212,tn,k@k.com,214,2018/2019 Registration,1,100
69,Billy Dean,Kevein Kurtis,123 abc ave,"",nashville,37212,tn,k@k.com,214,2018/2019 Registration,1,100
70,K K,Kevein Kurtis,123 abc ave,"",nashville,37212,tn,k@k.com,230,Reading for Writing Class fee,1,15
71,K K,Kevein Kurtis,123 abc ave,"",nashville,37212,tn,k@k.com,222,General Science class fee,1,25
72,Millie Sims,Kevein Kurtis,123 abc ave,"",nashville,37212,tn,k@k.com,231,Sewing & Knitting Class Fee,1,55
73,Billy Dean,Kevein Kurtis,123 abc ave,"",nashville,37212,tn,k@k.com,218,Art/Hist Class Fee,1,70
74,Billy Dean,Kevein Kurtis,123 abc ave,"",nashville,37212,tn,k@k.com,223,Geography Class Fee,1,20
66,"",Kevein Kurtis,123 abc ave,"",nashville,37212,tn,k@k.com,237,Scholarship Donation,25,1
75,K K,Kevein Kurtis,123 abc ave,"",nashville,37212,tn,k@k.com,214,2018/2019 Registration,1,100
76,Millie Sims,Kevein Kurtis,123 abc ave,"",nashville,37212,tn,k@k.com,214,2018/2019 Registration,1,100
77,Billy Dean,Kevein Kurtis,123 abc ave,"",nashville,37212,tn,k@k.com,214,2018/2019 Registration,1,100
78,K K,Kevein Kurtis,123 abc ave,"",nashville,37212,tn,k@k.com,230,Reading for Writing Class fee,1,15
79,K K,Kevein Kurtis,123 abc ave,"",nashville,37212,tn,k@k.com,222,General Science class fee,1,25
80,Millie Sims,Kevein Kurtis,123 abc ave,"",nashville,37212,tn,k@k.com,231,Sewing & Knitting Class Fee,1,55
81,Billy Dean,Kevein Kurtis,123 abc ave,"",nashville,37212,tn,k@k.com,218,Art/Hist Class Fee,1,70
82,Billy Dean,Kevein Kurtis,123 abc ave,"",nashville,37212,tn,k@k.com,223,Geography Class Fee,1,20
83,K K,Kevein Kurtis,123 abc ave,"",nashville,37212,tn,k@k.com,214,2018/2019 Registration,1,100
84,Millie Sims,Kevein Kurtis,123 abc ave,"",nashville,37212,tn,k@k.com,214,2018/2019 Registration,1,100
85,Billy Dean,Kevein Kurtis,123 abc ave,"",nashville,37212,tn,k@k.com,214,2018/2019 Registration,1,100
86,K K,Kevein Kurtis,123 abc ave,"",nashville,37212,tn,k@k.com,230,Reading for Writing Class fee,1,15
87,K K,Kevein Kurtis,123 abc ave,"",nashville,37212,tn,k@k.com,222,General Science class fee,1,25
88,Millie Sims,Kevein Kurtis,123 abc ave,"",nashville,37212,tn,k@k.com,231,Sewing & Knitting Class Fee,1,55
89,Billy Dean,Kevein Kurtis,123 abc ave,"",nashville,37212,tn,k@k.com,218,Art/Hist Class Fee,1,70
90,Billy Dean,Kevein Kurtis,123 abc ave,"",nashville,37212,tn,k@k.com,223,Geography Class Fee,1,20
91,K K,Kevein Kurtis,123 abc ave,"",nashville,37212,tn,k@k.com,214,2018/2019 Registration,1,100
92,Millie Sims,Kevein Kurtis,123 abc ave,"",nashville,37212,tn,k@k.com,214,2018/2019 Registration,1,100
93,Billy Dean,Kevein Kurtis,123 abc ave,"",nashville,37212,tn,k@k.com,214,2018/2019 Registration,1,100
94,K K,Kevein Kurtis,123 abc ave,"",nashville,37212,tn,k@k.com,230,Reading for Writing Class fee,1,15
95,K K,Kevein Kurtis,123 abc ave,"",nashville,37212,tn,k@k.com,222,General Science class fee,1,25
96,Millie Sims,Kevein Kurtis,123 abc ave,"",nashville,37212,tn,k@k.com,231,Sewing & Knitting Class Fee,1,55
97,Billy Dean,Kevein Kurtis,123 abc ave,"",nashville,37212,tn,k@k.com,218,Art/Hist Class Fee,1,70
98,Billy Dean,Kevein Kurtis,123 abc ave,"",nashville,37212,tn,k@k.com,223,Geography Class Fee,1,20
99,K K,Kevein Kurtis,123 abc ave,"",nashville,37212,tn,k@k.com,214,2018/2019 Registration,1,100
100,Millie Sims,Kevein Kurtis,123 abc ave,"",nashville,37212,tn,k@k.com,214,2018/2019 Registration,1,100
101,Billy Dean,Kevein Kurtis,123 abc ave,"",nashville,37212,tn,k@k.com,214,2018/2019 Registration,1,100
102,K K,Kevein Kurtis,123 abc ave,"",nashville,37212,tn,k@k.com,230,Reading for Writing Class fee,1,15
103,K K,Kevein Kurtis,123 abc ave,"",nashville,37212,tn,k@k.com,222,General Science class fee,1,25
104,Millie Sims,Kevein Kurtis,123 abc ave,"",nashville,37212,tn,k@k.com,231,Sewing & Knitting Class Fee,1,55
105,Billy Dean,Kevein Kurtis,123 abc ave,"",nashville,37212,tn,k@k.com,218,Art/Hist Class Fee,1,70
106,Billy Dean,Kevein Kurtis,123 abc ave,"",nashville,37212,tn,k@k.com,223,Geography Class Fee,1,20
107,K K,Kevein Kurtis,123 abc ave,"",nashville,37212,tn,k@k.com,214,2018/2019 Registration,1,100
108,Millie Sims,Kevein Kurtis,123 abc ave,"",nashville,37212,tn,k@k.com,214,2018/2019 Registration,1,100
109,Billy Dean,Kevein Kurtis,123 abc ave,"",nashville,37212,tn,k@k.com,214,2018/2019 Registration,1,100
110,K K,Kevein Kurtis,123 abc ave,"",nashville,37212,tn,k@k.com,230,Reading for Writing Class fee,1,15
111,K K,Kevein Kurtis,123 abc ave,"",nashville,37212,tn,k@k.com,222,General Science class fee,1,25
112,Millie Sims,Kevein Kurtis,123 abc ave,"",nashville,37212,tn,k@k.com,231,Sewing & Knitting Class Fee,1,55
113,Billy Dean,Kevein Kurtis,123 abc ave,"",nashville,37212,tn,k@k.com,218,Art/Hist Class Fee,1,70
114,Billy Dean,Kevein Kurtis,123 abc ave,"",nashville,37212,tn,k@k.com,223,Geography Class Fee,1,20
115,K K,Kevein Kurtis,123 abc ave,"",nashville,37212,tn,k@k.com,214,2018/2019 Registration,1,100
116,Millie Sims,Kevein Kurtis,123 abc ave,"",nashville,37212,tn,k@k.com,214,2018/2019 Registration,1,100
117,Billy Dean,Kevein Kurtis,123 abc ave,"",nashville,37212,tn,k@k.com,214,2018/2019 Registration,1,100
118,K K,Kevein Kurtis,123 abc ave,"",nashville,37212,tn,k@k.com,230,Reading for Writing Class fee,1,15
119,K K,Kevein Kurtis,123 abc ave,"",nashville,37212,tn,k@k.com,222,General Science class fee,1,25
120,Millie Sims,Kevein Kurtis,123 abc ave,"",nashville,37212,tn,k@k.com,231,Sewing & Knitting Class Fee,1,55
121,Billy Dean,Kevein Kurtis,123 abc ave,"",nashville,37212,tn,k@k.com,218,Art/Hist Class Fee,1,70
122,Billy Dean,Kevein Kurtis,123 abc ave,"",nashville,37212,tn,k@k.com,223,Geography Class Fee,1,20
123,K K,Kevein Kurtis,123 abc ave,"",nashville,37212,tn,k@k.com,214,2018/2019 Registration,1,100
124,Millie Sims,Kevein Kurtis,123 abc ave,"",nashville,37212,tn,k@k.com,214,2018/2019 Registration,1,100
125,Billy Dean,Kevein Kurtis,123 abc ave,"",nashville,37212,tn,k@k.com,214,2018/2019 Registration,1,100
126,K K,Kevein Kurtis,123 abc ave,"",nashville,37212,tn,k@k.com,230,Reading for Writing Class fee,1,15
127,K K,Kevein Kurtis,123 abc ave,"",nashville,37212,tn,k@k.com,222,General Science class fee,1,25
128,Millie Sims,Kevein Kurtis,123 abc ave,"",nashville,37212,tn,k@k.com,231,Sewing & Knitting Class Fee,1,55
129,Billy Dean,Kevein Kurtis,123 abc ave,"",nashville,37212,tn,k@k.com,218,Art/Hist Class Fee,1,70
130,Billy Dean,Kevein Kurtis,123 abc ave,"",nashville,37212,tn,k@k.com,223,Geography Class Fee,1,20
131,K K,Kevein Kurtis,123 abc ave,"",nashville,37212,tn,k@k.com,214,2018/2019 Registration,1,100
132,Millie Sims,Kevein Kurtis,123 abc ave,"",nashville,37212,tn,k@k.com,214,2018/2019 Registration,1,100
133,Billy Dean,Kevein Kurtis,123 abc ave,"",nashville,37212,tn,k@k.com,214,2018/2019 Registration,1,100
134,K K,Kevein Kurtis,123 abc ave,"",nashville,37212,tn,k@k.com,230,Reading for Writing Class fee,1,15
135,K K,Kevein Kurtis,123 abc ave,"",nashville,37212,tn,k@k.com,222,General Science class fee,1,25
136,Millie Sims,Kevein Kurtis,123 abc ave,"",nashville,37212,tn,k@k.com,231,Sewing & Knitting Class Fee,1,55
137,Billy Dean,Kevein Kurtis,123 abc ave,"",nashville,37212,tn,k@k.com,218,Art/Hist Class Fee,1,70
138,Billy Dean,Kevein Kurtis,123 abc ave,"",nashville,37212,tn,k@k.com,223,Geography Class Fee,1,20
139,K K,Kevein Kurtis,123 abc ave,"",nashville,37212,tn,k@k.com,214,2018/2019 Registration,1,100
140,Millie Sims,Kevein Kurtis,123 abc ave,"",nashville,37212,tn,k@k.com,214,2018/2019 Registration,1,100
141,Billy Dean,Kevein Kurtis,123 abc ave,"",nashville,37212,tn,k@k.com,214,2018/2019 Registration,1,100
142,K K,Kevein Kurtis,123 abc ave,"",nashville,37212,tn,k@k.com,230,Reading for Writing Class fee,1,15
143,K K,Kevein Kurtis,123 abc ave,"",nashville,37212,tn,k@k.com,222,General Science class fee,1,25
144,Millie Sims,Kevein Kurtis,123 abc ave,"",nashville,37212,tn,k@k.com,231,Sewing & Knitting Class Fee,1,55
145,Billy Dean,Kevein Kurtis,123 abc ave,"",nashville,37212,tn,k@k.com,218,Art/Hist Class Fee,1,70
146,Billy Dean,Kevein Kurtis,123 abc ave,"",nashville,37212,tn,k@k.com,223,Geography Class Fee,1,20
